insert into member (id, nama, tanggal_lahir, alamat, gender, pekerjaan, tanggal_daftar, telepon, kelas, biaya_daftar, biaya) values ('1', 'Azhar', '1993-5-6', 'Bekasi', 'Pria', 'Mahasiswa', '2015-7-1', '08567518665', 'Member Per Bulan', 50000, 100000);
insert into member (id, nama, tanggal_lahir, alamat, gender, pekerjaan, tanggal_daftar, telepon, kelas, biaya_daftar, biaya) values ('2', 'Feri', '1994-3-2', 'Jakarta', 'Pria', 'Mahasiswa', '2015-7-1', '08567518665', 'Member Per Bulan', 50000, 100000);
insert into member (id, nama, tanggal_lahir, alamat, gender, pekerjaan, tanggal_daftar, telepon, kelas, biaya_daftar, biaya) values ('3', 'Try', '1995-6-12', 'Jakarta', 'Pria', 'Mahasiswa', '2015-7-1', '08567518665', 'Member Per Bulan', 50000, 100000);
insert into member (id, nama, tanggal_lahir, alamat, gender, pekerjaan, tanggal_daftar, telepon, kelas, biaya_daftar, biaya) values ('4', 'Arif', '1992-8-13', 'Bekasi', 'Pria', 'Mahasiswa', '2015-7-1', '08567518665', 'Member Per Bulan', 50000, 100000);
insert into member (id, nama, tanggal_lahir, alamat, gender, pekerjaan, tanggal_daftar, telepon, kelas, biaya_daftar, biaya) values ('5', 'Budi', '1991-9-21', 'Bekasi', 'Pria', 'Mahasiswa', '2015-7-1', '08567518665', 'Member Per Bulan', 50000, 100000);
insert into member (id, nama, tanggal_lahir, alamat, gender, pekerjaan, tanggal_daftar, telepon, kelas, biaya_daftar, biaya) values ('6', 'Tono', '1994-10-15', 'Tambun', 'Pria', 'Mahasiswa', '2015-7-1', '08567518665', 'Member Per Bulan', 50000, 100000);
insert into member (id, nama, tanggal_lahir, alamat, gender, pekerjaan, tanggal_daftar, telepon, kelas, biaya_daftar, biaya) values ('7', 'Amir', '1996-11-5', 'Tambun', 'Pria', 'Mahasiswa', '2015-7-1', '08567518665', 'Member Per Bulan', 50000, 100000);
insert into member (id, nama, tanggal_lahir, alamat, gender, pekerjaan, tanggal_daftar, telepon, kelas, biaya_daftar, biaya) values ('8', 'Dodo', '1997-4-8', 'Bandung', 'Pria', 'Mahasiswa', '2015-7-1', '08567518665', 'Member Per Bulan', 50000, 100000);
insert into member (id, nama, tanggal_lahir, alamat, gender, pekerjaan, tanggal_daftar, telepon, kelas, biaya_daftar, biaya) values ('9', 'Didi', '1992-1-9', 'Bandung', 'Pria', 'Mahasiswa', '2015-7-1', '08567518665', 'Member Per Bulan', 50000, 100000);
insert into member (id, nama, tanggal_lahir, alamat, gender, pekerjaan, tanggal_daftar, telepon, kelas, biaya_daftar, biaya) values ('10', 'Dada', '1991-3-6', 'Depok', 'Pria', 'Mahasiswa', '2015-7-1', '08567518665', 'Member Per Bulan', 50000, 100000);

insert into barang (id, nama, harga, stok, deskripsi) values (1, 'Creatine Monohydrate', '3000', 50, 'Untuk memperkuat otot');
insert into barang (id, nama, harga, stok, deskripsi) values (2, 'Amino', '4000', 60, 'Untuk memperbesar otot');
insert into barang (id, nama, harga, stok, deskripsi) values (3, 'Susu Whey Protein', '5000', 70, 'Untuk membesarkan otot setelah latihan');
insert into barang (id, nama, harga, stok, deskripsi) values (4, 'Aqua', '3000', 80, 'Minuman ketika latihan');
insert into barang (id, nama, harga, stok, deskripsi) values (5, 'Amino Bar', '5000', 90, 'Cemilan tanpa lemak');
insert into barang (id, nama, harga, stok, deskripsi) values (6, 'L-Carnitine', '3000', 30, 'Untuk membakar lemak');
insert into barang (id, nama, harga, stok, deskripsi) values (7, 'L-Men Water', '8000', 40, 'Untuk membakar lemak');
insert into barang (id, nama, harga, stok, deskripsi) values (8, 'Mizone', '5000', 20, 'Untuk mengganti cairan tubuh');
insert into barang (id, nama, harga, stok, deskripsi) values (9, 'Fat Burner', '5000', 30, 'Untuk membakar lemak');
insert into barang (id, nama, harga, stok, deskripsi) values (10, 'BCAA', '5000', 40, 'Untuk meningkatkan daya tahan otot');

insert into kelas (id, nama, biaya, biaya_daftar) values (1, 'Member Per Bulan', 100000, 50000);
insert into kelas (id, nama, biaya, biaya_daftar) values (2, 'Non Member', 10000, 0);

insert into non_member (id, nama, gender, tanggal_datang, kelas, biaya) values (1, 'Udin', 'Pria', '2015-7-1', 'Non Member', 10000);
insert into non_member (id, nama, gender, tanggal_datang, kelas, biaya) values (2, 'Mamat', 'Pria', '2015-7-1', 'Non Member', 10000);
insert into non_member (id, nama, gender, tanggal_datang, kelas, biaya) values (3, 'Budi', 'Pria', '2015-7-1', 'Non Member', 10000);
insert into non_member (id, nama, gender, tanggal_datang, kelas, biaya) values (4, 'Sudin', 'Pria', '2015-7-1', 'Non Member', 10000);
insert into non_member (id, nama, gender, tanggal_datang, kelas, biaya) values (5, 'Rahmat', 'Pria', '2015-7-1', 'Non Member', 10000);
insert into non_member (id, nama, gender, tanggal_datang, kelas, biaya) values (6, 'Mat Kosim', 'Pria', '2015-7-1', 'Non Member', 10000);
insert into non_member (id, nama, gender, tanggal_datang, kelas, biaya) values (7, 'Feri', 'Pria', '2015-7-1', 'Non Member', 10000);
insert into non_member (id, nama, gender, tanggal_datang, kelas, biaya) values (8, 'Ucok', 'Pria', '2015-7-1', 'Non Member', 10000);
insert into non_member (id, nama, gender, tanggal_datang, kelas, biaya) values (9, 'Coki', 'Pria', '2015-7-1', 'Non Member', 10000);
insert into non_member (id, nama, gender, tanggal_datang, kelas, biaya) values (10, 'Kiki', 'Pria', '2015-7-1', 'Non Member', 10000);

insert into perpanjang_member (id, nama, tanggal_perpanjang, biaya) values ('1', 'Udin', '2015-7-1', 100000);
insert into perpanjang_member (id, nama, tanggal_perpanjang, biaya) values ('2', 'Mamat', '2015-7-1', 100000);
insert into perpanjang_member (id, nama, tanggal_perpanjang, biaya) values ('3', 'Subur', '2015-7-1', 100000);
insert into perpanjang_member (id, nama, tanggal_perpanjang, biaya) values ('4', 'Azhar', '2015-7-1', 100000);
insert into perpanjang_member (id, nama, tanggal_perpanjang, biaya) values ('5', 'Feri', '2015-7-1', 100000);
insert into perpanjang_member (id, nama, tanggal_perpanjang, biaya) values ('6', 'Madun', '2015-7-1', 100000);
insert into perpanjang_member (id, nama, tanggal_perpanjang, biaya) values ('7', 'Mumun', '2015-7-1', 100000);
insert into perpanjang_member (id, nama, tanggal_perpanjang, biaya) values ('8', 'Toni', '2015-7-1', 100000);
insert into perpanjang_member (id, nama, tanggal_perpanjang, biaya) values ('9', 'Stark', '2015-7-1', 100000);
insert into perpanjang_member (id, nama, tanggal_perpanjang, biaya) values ('10', 'Joko', '2015-7-1', 100000);

insert into penjualan (id, tanggal, id_barang, nama_barang, harga_barang, jumlah, total) values ('1', '2015-7-1', '4', 'Aqua', 3000, 2, 6000);
insert into penjualan (id, tanggal, id_barang, nama_barang, harga_barang, jumlah, total) values ('2', '2015-7-1', '2', 'Amino', 4000, 2, 8000);
insert into penjualan (id, tanggal, id_barang, nama_barang, harga_barang, jumlah, total) values ('3', '2015-7-1', '6', 'L-Carnitine', 3000, 2, 6000);
insert into penjualan (id, tanggal, id_barang, nama_barang, harga_barang, jumlah, total) values ('4', '2015-7-1', '7', 'L-Men Water', 8000, 2, 16000);
insert into penjualan (id, tanggal, id_barang, nama_barang, harga_barang, jumlah, total) values ('5', '2015-7-1', '4', 'Aqua', 3000, 2, 6000);
insert into penjualan (id, tanggal, id_barang, nama_barang, harga_barang, jumlah, total) values ('6', '2015-7-1', '4', 'Aqua', 3000, 2, 6000);
insert into penjualan (id, tanggal, id_barang, nama_barang, harga_barang, jumlah, total) values ('7', '2015-7-1', '8', 'Mizone', 5000, 2, 10000);
insert into penjualan (id, tanggal, id_barang, nama_barang, harga_barang, jumlah, total) values ('8', '2015-7-1', '4', 'Aqua', 3000, 4, 12000);
insert into penjualan (id, tanggal, id_barang, nama_barang, harga_barang, jumlah, total) values ('9', '2015-7-1', '10', 'BCAA', 5000, 3, 15000);
insert into penjualan (id, tanggal, id_barang, nama_barang, harga_barang, jumlah, total) values ('10', '2015-7-1', '4', 'Aqua', 3000, 2, 6000);

insert into pembelian (id, tanggal, id_barang, nama_barang, harga_barang, jumlah, total) values ('1', '2015-7-1', '4', 'Aqua', 3000, 2, 6000);
insert into pembelian (id, tanggal, id_barang, nama_barang, harga_barang, jumlah, total) values ('2', '2015-7-1', '2', 'Amino', 4000, 2, 8000);
insert into pembelian (id, tanggal, id_barang, nama_barang, harga_barang, jumlah, total) values ('3', '2015-7-1', '6', 'L-Carnitine', 3000, 2, 6000);
insert into pembelian (id, tanggal, id_barang, nama_barang, harga_barang, jumlah, total) values ('4', '2015-7-1', '7', 'L-Men Water', 8000, 2, 16000);
insert into pembelian (id, tanggal, id_barang, nama_barang, harga_barang, jumlah, total) values ('5', '2015-7-1', '4', 'Aqua', 3000, 2, 6000);
insert into pembelian (id, tanggal, id_barang, nama_barang, harga_barang, jumlah, total) values ('6', '2015-7-1', '4', 'Aqua', 3000, 2, 6000);
insert into pembelian (id, tanggal, id_barang, nama_barang, harga_barang, jumlah, total) values ('7', '2015-7-1', '8', 'Mizone', 5000, 2, 10000);
insert into pembelian (id, tanggal, id_barang, nama_barang, harga_barang, jumlah, total) values ('8', '2015-7-1', '4', 'Aqua', 3000, 4, 12000);
insert into pembelian (id, tanggal, id_barang, nama_barang, harga_barang, jumlah, total) values ('9', '2015-7-1', '10', 'BCAA', 5000, 3, 15000);
insert into pembelian (id, tanggal, id_barang, nama_barang, harga_barang, jumlah, total) values ('10', '2015-7-1', '4', 'Aqua', 3000, 2, 6000);