INSERT INTO member (biaya_daftar, gender, jalan, kecamatan, kelurahan, kota, nama, pekerjaan, tanggal_daftar, tanggal_lahir, telepon) VALUES ('100000', 'Pria', 'Jl. Linggar Jati 2, No. 91', 'Bekasi Timur', 'Duren Jaya', 'Bekasi', 'Udin', 'Mahasiswa', '2015-10-20', '2015-10-20', '08567518665');
INSERT INTO member (biaya_daftar, gender, jalan, kecamatan, kelurahan, kota, nama, pekerjaan, tanggal_daftar, tanggal_lahir, telepon) VALUES ('100000', 'Pria', 'Jl. Linggar Jati 2, No. 91', 'Bekasi Timur', 'Duren Jaya', 'Bekasi', 'Mamat', 'Mahasiswa', '2015-10-20', '2015-10-20', '08567518665');
INSERT INTO member (biaya_daftar, gender, jalan, kecamatan, kelurahan, kota, nama, pekerjaan, tanggal_daftar, tanggal_lahir, telepon) VALUES ('100000', 'Pria', 'Jl. Linggar Jati 2, No. 91', 'Bekasi Timur', 'Duren Jaya', 'Bekasi', 'Subur', 'Mahasiswa', '2015-10-20', '2015-10-20', '08567518665');
INSERT INTO member (biaya_daftar, gender, jalan, kecamatan, kelurahan, kota, nama, pekerjaan, tanggal_daftar, tanggal_lahir, telepon) VALUES ('100000', 'Pria', 'Jl. Linggar Jati 2, No. 91', 'Bekasi Timur', 'Duren Jaya', 'Bekasi', 'Azhar', 'Mahasiswa', '2015-10-20', '2015-10-20', '08567518665');
INSERT INTO member (biaya_daftar, gender, jalan, kecamatan, kelurahan, kota, nama, pekerjaan, tanggal_daftar, tanggal_lahir, telepon) VALUES ('100000', 'Pria', 'Jl. Linggar Jati 2, No. 91', 'Bekasi Timur', 'Duren Jaya', 'Bekasi', 'Feri', 'Mahasiswa', '2015-10-20', '2015-10-20', '08567518665');
INSERT INTO member (biaya_daftar, gender, jalan, kecamatan, kelurahan, kota, nama, pekerjaan, tanggal_daftar, tanggal_lahir, telepon) VALUES ('100000', 'Pria', 'Jl. Linggar Jati 2, No. 91', 'Bekasi Timur', 'Duren Jaya', 'Bekasi', 'Madun', 'Mahasiswa', '2015-10-20', '2015-10-20', '08567518665');
INSERT INTO member (biaya_daftar, gender, jalan, kecamatan, kelurahan, kota, nama, pekerjaan, tanggal_daftar, tanggal_lahir, telepon) VALUES ('100000', 'Pria', 'Jl. Linggar Jati 2, No. 91', 'Bekasi Timur', 'Duren Jaya', 'Bekasi', 'Mumun', 'Mahasiswa', '2015-10-20', '2015-10-20', '08567518665');
INSERT INTO member (biaya_daftar, gender, jalan, kecamatan, kelurahan, kota, nama, pekerjaan, tanggal_daftar, tanggal_lahir, telepon) VALUES ('100000', 'Pria', 'Jl. Linggar Jati 2, No. 91', 'Bekasi Timur', 'Duren Jaya', 'Bekasi', 'Toni', 'Mahasiswa', '2015-10-20', '2015-10-20', '08567518665');
INSERT INTO member (biaya_daftar, gender, jalan, kecamatan, kelurahan, kota, nama, pekerjaan, tanggal_daftar, tanggal_lahir, telepon) VALUES ('100000', 'Pria', 'Jl. Linggar Jati 2, No. 91', 'Bekasi Timur', 'Duren Jaya', 'Bekasi', 'Stark', 'Mahasiswa', '2015-10-20', '2015-10-20', '08567518665');
INSERT INTO member (biaya_daftar, gender, jalan, kecamatan, kelurahan, kota, nama, pekerjaan, tanggal_daftar, tanggal_lahir, telepon) VALUES ('100000', 'Pria', 'Jl. Linggar Jati 2, No. 91', 'Bekasi Timur', 'Duren Jaya', 'Bekasi', 'Joko', 'Mahasiswa', '2015-10-20', '2015-10-20', '08567518665');

INSERT INTO member (biaya_daftar, gender, jalan, kecamatan, kelurahan, kota, nama, pekerjaan, tanggal_daftar, tanggal_lahir, telepon) VALUES ('100000', 'Pria', 'Jl. Linggar Jati 2, No. 91', 'Bekasi Timur', 'Duren Jaya', 'Bekasi', 'Jaka', 'Mahasiswa', '2015-9-20', '2015-9-20', '08567518665');
INSERT INTO member (biaya_daftar, gender, jalan, kecamatan, kelurahan, kota, nama, pekerjaan, tanggal_daftar, tanggal_lahir, telepon) VALUES ('100000', 'Pria', 'Jl. Linggar Jati 2, No. 91', 'Bekasi Timur', 'Duren Jaya', 'Bekasi', 'Jiki', 'Mahasiswa', '2015-9-20', '2015-9-20', '08567518665');
INSERT INTO member (biaya_daftar, gender, jalan, kecamatan, kelurahan, kota, nama, pekerjaan, tanggal_daftar, tanggal_lahir, telepon) VALUES ('100000', 'Pria', 'Jl. Linggar Jati 2, No. 91', 'Bekasi Timur', 'Duren Jaya', 'Bekasi', 'Jeke', 'Mahasiswa', '2015-9-20', '2015-9-20', '08567518665');
INSERT INTO member (biaya_daftar, gender, jalan, kecamatan, kelurahan, kota, nama, pekerjaan, tanggal_daftar, tanggal_lahir, telepon) VALUES ('100000', 'Pria', 'Jl. Linggar Jati 2, No. 91', 'Bekasi Timur', 'Duren Jaya', 'Bekasi', 'Dede', 'Mahasiswa', '2015-9-20', '2015-9-20', '08567518665');
INSERT INTO member (biaya_daftar, gender, jalan, kecamatan, kelurahan, kota, nama, pekerjaan, tanggal_daftar, tanggal_lahir, telepon) VALUES ('100000', 'Pria', 'Jl. Linggar Jati 2, No. 91', 'Bekasi Timur', 'Duren Jaya', 'Bekasi', 'Didi', 'Mahasiswa', '2015-9-20', '2015-9-20', '08567518665');
INSERT INTO member (biaya_daftar, gender, jalan, kecamatan, kelurahan, kota, nama, pekerjaan, tanggal_daftar, tanggal_lahir, telepon) VALUES ('100000', 'Pria', 'Jl. Linggar Jati 2, No. 91', 'Bekasi Timur', 'Duren Jaya', 'Bekasi', 'Dudu', 'Mahasiswa', '2015-9-20', '2015-9-20', '08567518665');
INSERT INTO member (biaya_daftar, gender, jalan, kecamatan, kelurahan, kota, nama, pekerjaan, tanggal_daftar, tanggal_lahir, telepon) VALUES ('100000', 'Pria', 'Jl. Linggar Jati 2, No. 91', 'Bekasi Timur', 'Duren Jaya', 'Bekasi', 'Dodo', 'Mahasiswa', '2015-9-20', '2015-9-20', '08567518665');
INSERT INTO member (biaya_daftar, gender, jalan, kecamatan, kelurahan, kota, nama, pekerjaan, tanggal_daftar, tanggal_lahir, telepon) VALUES ('100000', 'Pria', 'Jl. Linggar Jati 2, No. 91', 'Bekasi Timur', 'Duren Jaya', 'Bekasi', 'Tono', 'Mahasiswa', '2015-9-20', '2015-9-20', '08567518665');
INSERT INTO member (biaya_daftar, gender, jalan, kecamatan, kelurahan, kota, nama, pekerjaan, tanggal_daftar, tanggal_lahir, telepon) VALUES ('100000', 'Pria', 'Jl. Linggar Jati 2, No. 91', 'Bekasi Timur', 'Duren Jaya', 'Bekasi', 'Tunu', 'Mahasiswa', '2015-9-20', '2015-9-20', '08567518665');
INSERT INTO member (biaya_daftar, gender, jalan, kecamatan, kelurahan, kota, nama, pekerjaan, tanggal_daftar, tanggal_lahir, telepon) VALUES ('100000', 'Pria', 'Jl. Linggar Jati 2, No. 91', 'Bekasi Timur', 'Duren Jaya', 'Bekasi', 'Tini', 'Mahasiswa', '2015-9-20', '2015-9-20', '08567518665');

insert into barang (id_barang, nama, harga, stok, deskripsi) values (1, 'Creatine Monohydrate', '3000', 50, 'Untuk memperkuat otot');
insert into barang (id_barang, nama, harga, stok, deskripsi) values (2, 'Amino', '4000', 60, 'Untuk memperbesar otot');
insert into barang (id_barang, nama, harga, stok, deskripsi) values (3, 'Susu Whey Protein', '5000', 70, 'Untuk membesarkan otot setelah latihan');
insert into barang (id_barang, nama, harga, stok, deskripsi) values (4, 'Aqua', '3000', 80, 'Minuman ketika latihan');
insert into barang (id_barang, nama, harga, stok, deskripsi) values (5, 'Amino Bar', '5000', 90, 'Cemilan tanpa lemak');
insert into barang (id_barang, nama, harga, stok, deskripsi) values (6, 'L-Carnitine', '3000', 30, 'Untuk membakar lemak');
insert into barang (id_barang, nama, harga, stok, deskripsi) values (7, 'L-Men Water', '8000', 40, 'Untuk membakar lemak');
insert into barang (id_barang, nama, harga, stok, deskripsi) values (8, 'Mizone', '5000', 20, 'Untuk mengganti cairan tubuh');
insert into barang (id_barang, nama, harga, stok, deskripsi) values (9, 'Fat Burner', '5000', 30, 'Untuk membakar lemak');
insert into barang (id_barang, nama, harga, stok, deskripsi) values (10, 'BCAA', '5000', 40, 'Untuk meningkatkan daya tahan otot');

insert into kelas (id_kelas, nama, biaya, biaya_daftar) values (1, 'Member Per Bulan', 100000, 50000);
insert into kelas (id_kelas, nama, biaya, biaya_daftar) values (2, 'Non Member', 10000, 0);

insert into non_member (id_nonmember, nama, gender, tanggal_datang, biaya) values (1, 'Udin', 'Pria', '2015-7-1', 10000);
insert into non_member (id_nonmember, nama, gender, tanggal_datang, biaya) values (2, 'Mamat', 'Pria', '2015-7-1', 10000);
insert into non_member (id_nonmember, nama, gender, tanggal_datang, biaya) values (3, 'Budi', 'Pria', '2015-7-1', 10000);
insert into non_member (id_nonmember, nama, gender, tanggal_datang, biaya) values (4, 'Sudin', 'Pria', '2015-7-1', 10000);
insert into non_member (id_nonmember, nama, gender, tanggal_datang, biaya) values (5, 'Rahmat', 'Pria', '2015-7-1', 10000);
insert into non_member (id_nonmember, nama, gender, tanggal_datang, biaya) values (6, 'Kosim', 'Pria', '2015-7-1', 10000);
insert into non_member (id_nonmember, nama, gender, tanggal_datang, biaya) values (7, 'Feri', 'Pria', '2015-7-1', 10000);
insert into non_member (id_nonmember, nama, gender, tanggal_datang, biaya) values (8, 'Ucok', 'Pria', '2015-7-1', 10000);
insert into non_member (id_nonmember, nama, gender, tanggal_datang, biaya) values (9, 'Coki', 'Pria', '2015-7-1', 10000);
insert into non_member (id_nonmember, nama, gender, tanggal_datang, biaya) values (10, 'Kiki', 'Pria', '2015-7-1', 10000);

insert into perpanjang_member (id_perpanjang, id_member, nama, tanggal_perpanjang, biaya) values (1, 1, 'Udin', '2015-7-1', 100000);
insert into perpanjang_member (id_perpanjang, id_member, nama, tanggal_perpanjang, biaya) values (2, 2, 'Mamat', '2015-7-1', 100000);
insert into perpanjang_member (id_perpanjang, id_member, nama, tanggal_perpanjang, biaya) values (3, 3, 'Subur', '2015-7-1', 100000);
insert into perpanjang_member (id_perpanjang, id_member, nama, tanggal_perpanjang, biaya) values (4, 4, 'Azhar', '2015-7-1', 100000);
insert into perpanjang_member (id_perpanjang, id_member, nama, tanggal_perpanjang, biaya) values (5, 5, 'Feri', '2015-7-1', 100000);
insert into perpanjang_member (id_perpanjang, id_member, nama, tanggal_perpanjang, biaya) values (6, 6, 'Madun', '2015-7-1', 100000);
insert into perpanjang_member (id_perpanjang, id_member, nama, tanggal_perpanjang, biaya) values (7, 7, 'Mumun', '2015-7-1', 100000);
insert into perpanjang_member (id_perpanjang, id_member, nama, tanggal_perpanjang, biaya) values (8, 8, 'Toni', '2015-7-1', 100000);
insert into perpanjang_member (id_perpanjang, id_member, nama, tanggal_perpanjang, biaya) values (9, 9, 'Stark', '2015-7-1', 100000);
insert into perpanjang_member (id_perpanjang, id_member, nama, tanggal_perpanjang, biaya) values (10, 10, 'Joko', '2015-7-1', 100000);

insert into penjualan (id_penjualan, tanggal, id_barang, nama_barang, harga_barang, jumlah, total) values (1, '2015-7-1', '4', 'Aqua', 3000, 2, 6000);
insert into penjualan (id_penjualan, tanggal, id_barang, nama_barang, harga_barang, jumlah, total) values (2, '2015-7-1', '2', 'Amino', 4000, 2, 8000);
insert into penjualan (id_penjualan, tanggal, id_barang, nama_barang, harga_barang, jumlah, total) values (3, '2015-7-1', '6', 'L-Carnitine', 3000, 2, 6000);
insert into penjualan (id_penjualan, tanggal, id_barang, nama_barang, harga_barang, jumlah, total) values (4, '2015-7-1', '7', 'L-Men Water', 8000, 2, 16000);
insert into penjualan (id_penjualan, tanggal, id_barang, nama_barang, harga_barang, jumlah, total) values (5, '2015-7-1', '4', 'Aqua', 3000, 2, 6000);
insert into penjualan (id_penjualan, tanggal, id_barang, nama_barang, harga_barang, jumlah, total) values (6, '2015-7-1', '4', 'Aqua', 3000, 2, 6000);
insert into penjualan (id_penjualan, tanggal, id_barang, nama_barang, harga_barang, jumlah, total) values (7, '2015-7-1', '8', 'Mizone', 5000, 2, 10000);
insert into penjualan (id_penjualan, tanggal, id_barang, nama_barang, harga_barang, jumlah, total) values (8, '2015-7-1', '4', 'Aqua', 3000, 4, 12000);
insert into penjualan (id_penjualan, tanggal, id_barang, nama_barang, harga_barang, jumlah, total) values (9, '2015-7-1', '10', 'BCAA', 5000, 3, 15000);
insert into penjualan (id_penjualan, tanggal, id_barang, nama_barang, harga_barang, jumlah, total) values (10, '2015-7-1', '4', 'Aqua', 3000, 2, 6000);